{"stats":{"minecraft:custom":{"minecraft:time_since_rest":16723,"minecraft:sprint_one_cm":143036,"minecraft:damage_taken":417,"minecraft:walk_one_cm":266262,"minecraft:mob_kills":21,"minecraft:damage_dealt":2287,"minecraft:swim_one_cm":2916,"minecraft:interact_with_crafting_table":9,"minecraft:fly_one_cm":12656,"minecraft:open_chest":4,"minecraft:play_time":87235,"minecraft:deaths":1,"minecraft:sneak_time":21,"minecraft:bell_ring":27,"minecraft:walk_under_water_one_cm":1611,"minecraft:jump":308,"minecraft:leave_game":8,"minecraft:walk_on_water_one_cm":14826,"minecraft:time_since_death":68325,"minecraft:sleep_in_bed":7,"minecraft:total_world_time":87235,"minecraft:fall_one_cm":1105},"minecraft:killed_by":{"minecraft:zombie":1},"minecraft:mined":{"minecraft:birch_log":7,"minecraft:wheat":1,"minecraft:lilac":8,"minecraft:andesite":6,"minecraft:crafting_table":2,"minecraft:short_grass":40,"minecraft:coal_ore":61,"minecraft:grass_block":4,"minecraft:oak_log":29,"minecraft:melon":11,"minecraft:rose_bush":8,"minecraft:dirt":6,"minecraft:tall_grass":19,"minecraft:stone":17,"minecraft:oak_planks":1,"minecraft:oxeye_daisy":1,"minecraft:oak_leaves":12,"minecraft:wall_torch":1},"minecraft:used":{"minecraft:birch_planks":9,"minecraft:melon_slice":5,"minecraft:stone_pickaxe":11,"minecraft:oak_planks":3,"minecraft:wooden_pickaxe":140,"minecraft:lilac":1,"minecraft:torch":1,"minecraft:wooden_sword":83,"minecraft:mutton":5,"minecraft:beef":3,"minecraft:crafting_table":3,"minecraft:birch_log":1},"minecraft:killed":{"minecraft:sheep":6,"minecraft:zombie":1,"minecraft:cow":14},"minecraft:picked_up":{"minecraft:birch_log":7,"minecraft:crafting_table":2,"minecraft:lilac":8,"minecraft:andesite":6,"minecraft:leather":12,"minecraft:torch":1,"minecraft:oak_log":29,"minecraft:dirt":10,"minecraft:arrow":2,"minecraft:bone":2,"minecraft:rotten_flesh":2,"minecraft:wheat_seeds":4,"minecraft:beef":28,"minecraft:rose_bush":8,"minecraft:oak_planks":1,"minecraft:light_gray_wool":1,"minecraft:black_wool":2,"minecraft:melon_slice":54,"minecraft:mutton":8,"minecraft:coal":61,"minecraft:white_wool":3,"minecraft:cobblestone":15,"minecraft:oxeye_daisy":1},"minecraft:broken":{"minecraft:wooden_sword":1,"minecraft:wooden_pickaxe":3},"minecraft:crafted":{"minecraft:wooden_sword":1,"minecraft:oak_planks":40,"minecraft:crafting_table":2,"minecraft:stick":16,"minecraft:wooden_pickaxe":3,"minecraft:stone_pickaxe":1,"minecraft:white_bed":1,"minecraft:birch_planks":24}},"DataVersion":3837}