{"stats":{"minecraft:custom":{"minecraft:jump":76,"minecraft:time_since_rest":528,"minecraft:damage_taken":475,"minecraft:play_time":5702,"minecraft:walk_one_cm":6964,"minecraft:damage_dealt":102,"minecraft:leave_game":5,"minecraft:sprint_one_cm":8926,"minecraft:time_since_death":508,"minecraft:deaths":2,"minecraft:total_world_time":5702,"minecraft:fall_one_cm":2536,"minecraft:fly_one_cm":9171},"minecraft:killed_by":{"minecraft:zombie":2},"minecraft:mined":{"minecraft:grass_block":4,"minecraft:oak_log":1,"minecraft:oak_leaves":3,"minecraft:dirt":1},"minecraft:used":{"minecraft:oak_log":1,"minecraft:dirt":2},"minecraft:picked_up":{"minecraft:oak_log":1,"minecraft:dirt":5}},"DataVersion":3837}