{"stats":{"minecraft:picked_up":{"minecraft:birch_log":7,"minecraft:crafting_table":3,"minecraft:lilac":8,"minecraft:glow_ink_sac":3,"minecraft:andesite":18,"minecraft:leather":12,"minecraft:oak_log":40,"minecraft:dirt":36,"minecraft:string":4,"minecraft:raw_copper":5,"minecraft:name_tag":2,"minecraft:cooked_mutton":1,"minecraft:bone":3,"minecraft:wheat_seeds":4,"minecraft:cobbled_deepslate":2,"minecraft:beef":28,"minecraft:stone_pickaxe":3,"minecraft:rose_bush":8,"minecraft:light_gray_wool":1,"minecraft:melon_slice":89,"minecraft:oak_planks":20,"minecraft:raw_iron":77,"minecraft:torch":90,"minecraft:gravel":9,"minecraft:diorite":7,"minecraft:white_bed":2,"minecraft:spider_eye":2,"minecraft:stone_sword":2,"minecraft:arrow":6,"minecraft:rotten_flesh":13,"minecraft:diamond":3,"minecraft:granite":3,"minecraft:black_wool":4,"minecraft:mutton":8,"minecraft:oxeye_daisy":1,"minecraft:coal":416,"minecraft:rail":5,"minecraft:white_wool":3,"minecraft:cobblestone":108,"minecraft:diamond_pickaxe":1},"minecraft:broken":{"minecraft:stone_pickaxe":2,"minecraft:wooden_sword":1,"minecraft:wooden_pickaxe":3},"minecraft:killed":{"minecraft:cave_spider":1,"minecraft:sheep":6,"minecraft:skeleton":2,"minecraft:zombie":1,"minecraft:cow":14},"minecraft:custom":{"minecraft:interact_with_furnace":20,"minecraft:mob_kills":24,"minecraft:interact_with_crafting_table":21,"minecraft:bell_ring":27,"minecraft:leave_game":18,"minecraft:time_since_death":2008,"minecraft:sleep_in_bed":9,"minecraft:time_since_rest":2028,"minecraft:sprint_one_cm":198133,"minecraft:damage_taken":3347,"minecraft:walk_one_cm":718730,"minecraft:drop":2,"minecraft:damage_dealt":3269,"minecraft:swim_one_cm":2916,"minecraft:fly_one_cm":25150,"minecraft:open_chest":28,"minecraft:crouch_one_cm":4137,"minecraft:play_time":230237,"minecraft:deaths":8,"minecraft:sneak_time":3187,"minecraft:walk_under_water_one_cm":7527,"minecraft:jump":1119,"minecraft:walk_on_water_one_cm":30826,"minecraft:total_world_time":230237,"minecraft:fall_one_cm":12459},"minecraft:crafted":{"minecraft:wooden_sword":1,"minecraft:oak_planks":108,"minecraft:crafting_table":2,"minecraft:wooden_pickaxe":3,"minecraft:furnace":1,"minecraft:birch_planks":24,"minecraft:cooked_mutton":3,"minecraft:iron_chestplate":1,"minecraft:stick":72,"minecraft:iron_ingot":10,"minecraft:stone_pickaxe":4,"minecraft:stone_sword":1,"minecraft:chest":1,"minecraft:white_bed":1,"minecraft:torch":220},"minecraft:used":{"minecraft:cooked_mutton":3,"minecraft:diorite":3,"minecraft:stone_sword":15,"minecraft:birch_planks":9,"minecraft:stone_pickaxe":292,"minecraft:oak_planks":13,"minecraft:chest":1,"minecraft:wooden_pickaxe":140,"minecraft:torch":217,"minecraft:dirt":14,"minecraft:mutton":5,"minecraft:crafting_table":4,"minecraft:white_bed":2,"minecraft:diamond_pickaxe":55,"minecraft:black_wool":2,"minecraft:melon_slice":48,"minecraft:gravel":5,"minecraft:lilac":1,"minecraft:wooden_sword":83,"minecraft:beef":3,"minecraft:furnace":1,"minecraft:birch_log":1,"minecraft:andesite":8},"minecraft:mined":{"minecraft:white_bed":1,"minecraft:crafting_table":3,"minecraft:torch":2,"minecraft:granite":3,"minecraft:short_grass":40,"minecraft:grass_block":10,"minecraft:melon":11,"minecraft:rose_bush":8,"minecraft:copper_ore":1,"minecraft:tall_grass":19,"minecraft:oak_planks":5,"minecraft:oxeye_daisy":1,"minecraft:diorite":6,"minecraft:wall_torch":1,"minecraft:birch_log":7,"minecraft:iron_ore":47,"minecraft:wheat":1,"minecraft:lilac":8,"minecraft:andesite":8,"minecraft:black_wool":2,"minecraft:coal_ore":256,"minecraft:oak_log":29,"minecraft:gravel":8,"minecraft:dirt":8,"minecraft:stone":63,"minecraft:oak_leaves":12},"minecraft:dropped":{"minecraft:diamond":2,"minecraft:stone_pickaxe":1},"minecraft:killed_by":{"minecraft:cave_spider":1,"minecraft:skeleton":1,"minecraft:creeper":1,"minecraft:zombie":3,"minecraft:enderman":1}},"DataVersion":3837}