{"stats":{"minecraft:picked_up":{"minecraft:wooden_axe":1,"minecraft:crafting_table":1,"minecraft:azure_bluet":4,"minecraft:feather":2,"minecraft:chicken":2,"minecraft:wooden_pickaxe":1,"minecraft:tuff":2,"minecraft:oak_log":39,"minecraft:dirt":24,"minecraft:cornflower":4,"minecraft:glass":1,"minecraft:poppy":1,"minecraft:birch_sapling":1,"minecraft:oak_planks":5,"minecraft:stick":1,"minecraft:raw_iron":3,"minecraft:cooked_porkchop":13,"minecraft:torch":7,"minecraft:dandelion":12,"minecraft:dripstone_block":8,"minecraft:porkchop":9,"minecraft:pointed_dripstone":18,"minecraft:grass_block":1,"minecraft:stone_sword":2,"minecraft:stone_shovel":1,"minecraft:rotten_flesh":5,"minecraft:stone_axe":2,"minecraft:oak_sapling":7,"minecraft:coal":11,"minecraft:cobblestone":7,"minecraft:oxeye_daisy":3},"minecraft:killed":{"minecraft:pig":4,"minecraft:zombie":3,"minecraft:chicken":2},"minecraft:used":{"minecraft:stone_sword":120,"minecraft:poppy":1,"minecraft:stone_pickaxe":31,"minecraft:oak_planks":38,"minecraft:wooden_pickaxe":5,"minecraft:cooked_chicken":2,"minecraft:oak_door":1,"minecraft:torch":10,"minecraft:dirt":24,"minecraft:oak_slab":14,"minecraft:crafting_table":1,"minecraft:tuff":2,"minecraft:azure_bluet":4,"minecraft:cornflower":4,"minecraft:oxeye_daisy":3,"minecraft:stone_axe":47,"minecraft:cobblestone":4,"minecraft:oak_sapling":5,"minecraft:cooked_porkchop":9,"minecraft:dandelion":11},"minecraft:crafted":{"minecraft:oak_door":3,"minecraft:oak_slab":18,"minecraft:oak_planks":96,"minecraft:cooked_porkchop":14,"minecraft:crafting_table":1,"minecraft:wooden_pickaxe":1,"minecraft:cooked_chicken":2,"minecraft:stick":8,"minecraft:stone_pickaxe":1,"minecraft:torch":20},"minecraft:custom":{"minecraft:interact_with_furnace":16,"minecraft:mob_kills":9,"minecraft:interact_with_crafting_table":5,"minecraft:leave_game":1,"minecraft:time_since_death":13433,"minecraft:sleep_in_bed":1,"minecraft:time_since_rest":13499,"minecraft:sprint_one_cm":71817,"minecraft:damage_taken":1712,"minecraft:walk_one_cm":201627,"minecraft:drop":9,"minecraft:damage_dealt":2009,"minecraft:fly_one_cm":84136,"minecraft:crouch_one_cm":4210,"minecraft:play_time":46277,"minecraft:deaths":2,"minecraft:sneak_time":3299,"minecraft:walk_under_water_one_cm":1033,"minecraft:jump":590,"minecraft:walk_on_water_one_cm":2476,"minecraft:total_world_time":46277,"minecraft:fall_one_cm":17920},"minecraft:mined":{"minecraft:oak_sapling":1,"minecraft:dandelion":13,"minecraft:crafting_table":1,"minecraft:cornflower":4,"minecraft:torch":5,"minecraft:short_grass":44,"minecraft:grass_block":13,"minecraft:oak_planks":2,"minecraft:oxeye_daisy":3,"minecraft:iron_ore":2,"minecraft:fire":1,"minecraft:azure_bluet":4,"minecraft:oak_log":39,"minecraft:pointed_dripstone":6,"minecraft:coal_ore":11,"minecraft:deepslate_iron_ore":1,"minecraft:dripstone_block":8,"minecraft:stone":7,"minecraft:oak_leaves":3},"minecraft:dropped":{"minecraft:stone_axe":1,"minecraft:stone_sword":1,"minecraft:cooked_porkchop":13,"minecraft:rotten_flesh":4,"minecraft:wooden_pickaxe":1},"minecraft:killed_by":{"minecraft:zombie":1}},"DataVersion":3837}