{"stats":{"minecraft:picked_up":{"minecraft:oak_slab":4,"minecraft:wheat":4,"minecraft:cooked_beef":13,"minecraft:andesite":8,"minecraft:gravel":3,"minecraft:flint":1,"minecraft:oak_log":5,"minecraft:diorite":1,"minecraft:cobblestone_stairs":2,"minecraft:arrow":1,"minecraft:stone_sword":2,"minecraft:bone":6,"minecraft:stone_shovel":2,"minecraft:rotten_flesh":4,"minecraft:stone_axe":3,"minecraft:wheat_seeds":15,"minecraft:cobbled_deepslate":27,"minecraft:deepslate_bricks":4,"minecraft:stone_pickaxe":1,"minecraft:granite":28,"minecraft:birch_sapling":4,"minecraft:oak_planks":1,"minecraft:cobblestone":49},"minecraft:killed":{"minecraft:skeleton":2},"minecraft:crafted":{"minecraft:oak_planks":20,"minecraft:stick":4,"minecraft:wooden_pickaxe":1,"minecraft:stone_pickaxe":1,"minecraft:cobblestone_stairs":12},"minecraft:used":{"minecraft:wheat_seeds":10,"minecraft:stone_sword":18,"minecraft:cobblestone_stairs":14,"minecraft:stone_pickaxe":105,"minecraft:wooden_pickaxe":18,"minecraft:cooked_chicken":1,"minecraft:cobblestone":6,"minecraft:andesite":5,"minecraft:cooked_beef":5},"minecraft:custom":{"minecraft:time_since_rest":1988,"minecraft:interact_with_furnace":1,"minecraft:sprint_one_cm":38374,"minecraft:damage_taken":2285,"minecraft:walk_one_cm":119291,"minecraft:mob_kills":2,"minecraft:drop":7,"minecraft:damage_dealt":577,"minecraft:interact_with_crafting_table":3,"minecraft:fly_one_cm":42494,"minecraft:open_chest":9,"minecraft:crouch_one_cm":2430,"minecraft:play_time":25895,"minecraft:deaths":5,"minecraft:sneak_time":536,"minecraft:walk_under_water_one_cm":1704,"minecraft:jump":376,"minecraft:leave_game":1,"minecraft:time_since_death":1937,"minecraft:walk_on_water_one_cm":1986,"minecraft:total_world_time":25895,"minecraft:fall_one_cm":16998},"minecraft:mined":{"minecraft:wheat":11,"minecraft:cobblestone_stairs":2,"minecraft:andesite":8,"minecraft:granite":29,"minecraft:short_grass":4,"minecraft:oak_log":5,"minecraft:gravel":4,"minecraft:cobblestone":1,"minecraft:stone":49,"minecraft:diorite":1,"minecraft:oak_leaves":1,"minecraft:deepslate":28},"minecraft:dropped":{"minecraft:wheat_seeds":2,"minecraft:rotten_flesh":1,"minecraft:granite":4},"minecraft:killed_by":{"minecraft:player":3,"minecraft:witch":1}},"DataVersion":3837}