{"stats":{"minecraft:picked_up":{"minecraft:cooked_beef":2,"minecraft:wheat_seeds":1,"minecraft:oak_log":1,"minecraft:dirt":8},"minecraft:killed":{"minecraft:spider":1},"minecraft:used":{"minecraft:oak_log":1,"minecraft:dirt":4,"minecraft:cooked_beef":2},"minecraft:custom":{"minecraft:time_since_rest":73228,"minecraft:damage_taken":764,"minecraft:deaths":2,"minecraft:crouch_one_cm":312,"minecraft:play_time":78402,"minecraft:sprint_one_cm":10686,"minecraft:walk_one_cm":44282,"minecraft:sneak_time":100,"minecraft:mob_kills":2,"minecraft:jump":129,"minecraft:damage_dealt":249,"minecraft:leave_game":11,"minecraft:time_since_death":73208,"minecraft:total_world_time":78402,"minecraft:interact_with_crafting_table":1,"minecraft:fall_one_cm":3202,"minecraft:fly_one_cm":11054},"minecraft:mined":{"minecraft:grass_block":6,"minecraft:oak_log":1,"minecraft:dirt":3,"minecraft:oak_leaves":3},"minecraft:killed_by":{"minecraft:zombie":2}},"DataVersion":3837}