{"stats":{"minecraft:picked_up":{"minecraft:charcoal":21,"minecraft:crafting_table":6,"minecraft:wheat":25,"minecraft:chicken":12,"minecraft:brown_mushroom":81,"minecraft:wooden_pickaxe":7,"minecraft:shield":2,"minecraft:iron_axe":1,"minecraft:red_bed":2,"minecraft:string":95,"minecraft:raw_copper":209,"minecraft:iron_shovel":3,"minecraft:smooth_stone":3,"minecraft:cobbled_deepslate":578,"minecraft:beef":2,"minecraft:melon_slice":12,"minecraft:sugar_cane":107,"minecraft:chest":1,"minecraft:birch_sapling":2,"minecraft:furnace":4,"minecraft:stick":57,"minecraft:raw_iron":21,"minecraft:stone":30,"minecraft:oak_door":2,"minecraft:torch":96,"minecraft:fire_charge":3,"minecraft:porkchop":5,"minecraft:golden_axe":5,"minecraft:pointed_dripstone":115,"minecraft:diorite":37,"minecraft:redstone":70,"minecraft:stone_shovel":3,"minecraft:stone_sword":3,"minecraft:arrow":75,"minecraft:rotten_flesh":104,"minecraft:deepslate_bricks":199,"minecraft:hay_block":31,"minecraft:saddle":4,"minecraft:gold_ingot":3,"minecraft:glow_berries":3,"minecraft:cobblestone":352,"minecraft:white_wool":12,"minecraft:birch_log":2,"minecraft:feather":20,"minecraft:cooked_beef":8,"minecraft:andesite":27,"minecraft:leather":18,"minecraft:birch_planks":5,"minecraft:flint":18,"minecraft:tuff":131,"minecraft:oak_log":130,"minecraft:cobbled_deepslate_stairs":17,"minecraft:gunpowder":62,"minecraft:lapis_lazuli":131,"minecraft:dirt":137,"minecraft:name_tag":6,"minecraft:cooked_mutton":7,"minecraft:bone":49,"minecraft:apple":2,"minecraft:bow":4,"minecraft:wheat_seeds":390,"minecraft:iron_ingot":4,"minecraft:stone_pickaxe":13,"minecraft:cooked_chicken":11,"minecraft:oak_planks":64,"minecraft:music_disc_13":2,"minecraft:cooked_porkchop":12,"minecraft:pumpkin":16,"minecraft:dandelion":2,"minecraft:dripstone_block":26,"minecraft:gravel":42,"minecraft:sand":30,"minecraft:spider_eye":6,"minecraft:iron_hoe":8,"minecraft:diamond":26,"minecraft:stone_axe":3,"minecraft:granite":105,"minecraft:bone_meal":2,"minecraft:golden_apple":1,"minecraft:bread":88,"minecraft:oak_sapling":27,"minecraft:melon_seeds":6,"minecraft:coal":237,"minecraft:diamond_pickaxe":4},"minecraft:broken":{"minecraft:stone_sword":1,"minecraft:stone_pickaxe":3,"minecraft:golden_axe":1},"minecraft:killed":{"minecraft:armadillo":1,"minecraft:spider":6,"minecraft:skeleton":8,"minecraft:chicken":8,"minecraft:drowned":1,"minecraft:pig":1,"minecraft:creeper":2,"minecraft:zombie":20,"minecraft:cow":2},"minecraft:custom":{"minecraft:mob_kills":58,"minecraft:interact_with_crafting_table":52,"minecraft:bell_ring":10,"minecraft:leave_game":7,"minecraft:time_since_death":4179,"minecraft:climb_one_cm":212,"minecraft:sprint_one_cm":710743,"minecraft:walk_one_cm":884796,"minecraft:drop":159,"minecraft:talked_to_villager":12,"minecraft:play_time":303150,"minecraft:deaths":18,"minecraft:sneak_time":8252,"minecraft:walk_under_water_one_cm":20758,"minecraft:jump":3517,"minecraft:walk_on_water_one_cm":76432,"minecraft:total_world_time":303150,"minecraft:interact_with_furnace":50,"minecraft:traded_with_villager":6,"minecraft:interact_with_stonecutter":14,"minecraft:sleep_in_bed":4,"minecraft:time_since_rest":4222,"minecraft:damage_taken":8715,"minecraft:damage_dealt":9351,"minecraft:swim_one_cm":85872,"minecraft:fly_one_cm":509685,"minecraft:player_kills":2,"minecraft:open_chest":19,"minecraft:crouch_one_cm":25025,"minecraft:fall_one_cm":84891},"minecraft:used":{"minecraft:stone_sword":112,"minecraft:stone_shovel":42,"minecraft:chest":2,"minecraft:cooked_chicken":6,"minecraft:rotten_flesh":21,"minecraft:oak_door":4,"minecraft:torch":51,"minecraft:dirt":6,"minecraft:tuff":41,"minecraft:granite":1,"minecraft:iron_hoe":46,"minecraft:iron_axe":5,"minecraft:oak_sapling":3,"minecraft:furnace":2,"minecraft:cooked_beef":10,"minecraft:cobbled_deepslate":113,"minecraft:golden_axe":83,"minecraft:deepslate_brick_wall":23,"minecraft:wheat_seeds":12,"minecraft:cooked_mutton":10,"minecraft:diorite":22,"minecraft:birch_planks":3,"minecraft:stone_pickaxe":548,"minecraft:wooden_pickaxe":24,"minecraft:stonecutter":1,"minecraft:deepslate_bricks":40,"minecraft:glow_berries":3,"minecraft:crafting_table":14,"minecraft:red_bed":1,"minecraft:cobbled_deepslate_stairs":12,"minecraft:diamond_pickaxe":342,"minecraft:apple":1,"minecraft:bread":20,"minecraft:stone_axe":83,"minecraft:fire_charge":1,"minecraft:cobblestone":68,"minecraft:porkchop":4,"minecraft:cooked_porkchop":6,"minecraft:andesite":5,"minecraft:dandelion":1},"minecraft:crafted":{"minecraft:oak_door":3,"minecraft:oak_planks":168,"minecraft:stone_shovel":1,"minecraft:cooked_chicken":7,"minecraft:furnace":1,"minecraft:stone":9,"minecraft:cooked_mutton":10,"minecraft:deepslate_brick_wall":23,"minecraft:stone_pickaxe":6,"minecraft:chest":2,"minecraft:cobbled_deepslate_stairs":29,"minecraft:wheat":279,"minecraft:cooked_beef":2,"minecraft:emerald":3,"minecraft:cooked_porkchop":3,"minecraft:crafting_table":10,"minecraft:wooden_pickaxe":3,"minecraft:copper_ingot":8,"minecraft:birch_planks":8,"minecraft:stone_axe":3,"minecraft:bread":91,"minecraft:air":0,"minecraft:diamond_pickaxe":3,"minecraft:charcoal":3,"minecraft:stick":80,"minecraft:iron_ingot":4,"minecraft:stone_sword":1,"minecraft:stonecutter":1,"minecraft:torch":36,"minecraft:deepslate_bricks":52},"minecraft:mined":{"minecraft:diamond_ore":2,"minecraft:tuff":59,"minecraft:oak_sapling":1,"minecraft:deepslate_diamond_ore":10,"minecraft:oak_door":2,"minecraft:glow_lichen":2,"minecraft:granite":11,"minecraft:grass_block":29,"minecraft:deepslate_bricks":12,"minecraft:hay_block":31,"minecraft:tall_seagrass":1,"minecraft:furnace":2,"minecraft:cobbled_deepslate":70,"minecraft:andesite":6,"minecraft:pumpkin":16,"minecraft:deepslate_lapis_ore":5,"minecraft:pointed_dripstone":3,"minecraft:deepslate_iron_ore":6,"minecraft:stone":241,"minecraft:deepslate_redstone_ore":3,"minecraft:brown_mushroom":8,"minecraft:red_bed":2,"minecraft:dandelion":1,"minecraft:crafting_table":3,"minecraft:torch":5,"minecraft:short_grass":92,"minecraft:tall_grass":20,"minecraft:copper_ore":15,"minecraft:cobblestone":5,"minecraft:deepslate_gold_ore":2,"minecraft:oak_planks":1,"minecraft:sugar_cane":9,"minecraft:diorite":21,"minecraft:wall_torch":1,"minecraft:deepslate_copper_ore":2,"minecraft:birch_log":2,"minecraft:wheat":33,"minecraft:birch_leaves":2,"minecraft:oak_log":85,"minecraft:coal_ore":20,"minecraft:gravel":4,"minecraft:dripstone_block":1,"minecraft:dirt":44,"minecraft:cobweb":20,"minecraft:oak_leaves":57,"minecraft:deepslate":371,"minecraft:fern":1},"minecraft:dropped":{"minecraft:iron_ingot":3,"minecraft:bread":62,"minecraft:brown_mushroom":1,"minecraft:wheat_seeds":1,"minecraft:lapis_lazuli":16,"minecraft:diamond":3,"minecraft:leather":8,"minecraft:coal":216,"minecraft:golden_apple":1,"minecraft:dirt":12,"minecraft:torch":14,"minecraft:iron_axe":1,"minecraft:dandelion":1,"minecraft:cobbled_deepslate":79,"minecraft:iron_hoe":1,"minecraft:cooked_mutton":1,"minecraft:deepslate_bricks":10,"minecraft:shield":1,"minecraft:diamond_pickaxe":3,"minecraft:arrow":11,"minecraft:wooden_pickaxe":1},"minecraft:killed_by":{"minecraft:player":5,"minecraft:creeper":2,"minecraft:spider":3,"minecraft:drowned":1,"minecraft:skeleton":1,"minecraft:zombie":4}},"DataVersion":3837}