{"stats":{"minecraft:custom":{"minecraft:interact_with_furnace":14,"minecraft:mob_kills":16,"minecraft:traded_with_villager":6,"minecraft:interact_with_crafting_table":23,"minecraft:bell_ring":10,"minecraft:leave_game":3,"minecraft:time_since_death":3414,"minecraft:sleep_in_bed":1,"minecraft:time_since_rest":3434,"minecraft:sprint_one_cm":166421,"minecraft:damage_taken":2090,"minecraft:walk_one_cm":177233,"minecraft:drop":33,"minecraft:damage_dealt":1860,"minecraft:swim_one_cm":31224,"minecraft:talked_to_villager":12,"minecraft:fly_one_cm":108572,"minecraft:open_chest":7,"minecraft:crouch_one_cm":3577,"minecraft:play_time":110660,"minecraft:deaths":5,"minecraft:sneak_time":2185,"minecraft:walk_under_water_one_cm":10446,"minecraft:jump":1078,"minecraft:walk_on_water_one_cm":11300,"minecraft:total_world_time":110660,"minecraft:fall_one_cm":23333},"minecraft:killed_by":{"minecraft:creeper":1,"minecraft:spider":2,"minecraft:zombie":2},"minecraft:used":{"minecraft:diorite":15,"minecraft:stone_shovel":22,"minecraft:stone_pickaxe":322,"minecraft:chest":2,"minecraft:wooden_pickaxe":8,"minecraft:cooked_chicken":3,"minecraft:rotten_flesh":2,"minecraft:oak_door":4,"minecraft:torch":16,"minecraft:dirt":6,"minecraft:crafting_table":6,"minecraft:red_bed":1,"minecraft:tuff":11,"minecraft:granite":1,"minecraft:bread":8,"minecraft:stone_axe":73,"minecraft:cobblestone":63,"minecraft:furnace":2,"minecraft:oak_sapling":3,"minecraft:porkchop":1,"minecraft:cooked_beef":2,"minecraft:golden_axe":6},"minecraft:mined":{"minecraft:tuff":27,"minecraft:oak_sapling":1,"minecraft:red_bed":2,"minecraft:oak_door":2,"minecraft:crafting_table":2,"minecraft:glow_lichen":2,"minecraft:granite":3,"minecraft:short_grass":29,"minecraft:grass_block":12,"minecraft:cobblestone":5,"minecraft:copper_ore":9,"minecraft:tall_grass":7,"minecraft:sugar_cane":4,"minecraft:diorite":21,"minecraft:hay_block":22,"minecraft:furnace":2,"minecraft:wheat":15,"minecraft:andesite":5,"minecraft:birch_leaves":2,"minecraft:pumpkin":16,"minecraft:deepslate_lapis_ore":2,"minecraft:coal_ore":20,"minecraft:oak_log":23,"minecraft:deepslate_iron_ore":3,"minecraft:gravel":4,"minecraft:dirt":33,"minecraft:stone":186,"minecraft:oak_leaves":24,"minecraft:deepslate":39},"minecraft:killed":{"minecraft:armadillo":1,"minecraft:pig":1,"minecraft:spider":1,"minecraft:creeper":1,"minecraft:zombie":2,"minecraft:chicken":6,"minecraft:cow":2},"minecraft:picked_up":{"minecraft:crafting_table":2,"minecraft:wheat":12,"minecraft:feather":4,"minecraft:chicken":6,"minecraft:andesite":5,"minecraft:leather":2,"minecraft:tuff":43,"minecraft:oak_log":23,"minecraft:gunpowder":1,"minecraft:lapis_lazuli":16,"minecraft:red_bed":2,"minecraft:dirt":61,"minecraft:raw_copper":35,"minecraft:wheat_seeds":31,"minecraft:cobbled_deepslate":37,"minecraft:beef":2,"minecraft:stone_pickaxe":2,"minecraft:cooked_chicken":6,"minecraft:sugar_cane":15,"minecraft:birch_sapling":1,"minecraft:oak_planks":16,"minecraft:furnace":3,"minecraft:stick":4,"minecraft:raw_iron":3,"minecraft:oak_door":2,"minecraft:pumpkin":16,"minecraft:torch":25,"minecraft:gravel":4,"minecraft:fire_charge":1,"minecraft:porkchop":2,"minecraft:golden_axe":1,"minecraft:diorite":19,"minecraft:spider_eye":1,"minecraft:rotten_flesh":2,"minecraft:stone_shovel":2,"minecraft:stone_axe":2,"minecraft:hay_block":22,"minecraft:granite":3,"minecraft:bread":26,"minecraft:oak_sapling":3,"minecraft:melon_seeds":2,"minecraft:coal":20,"minecraft:cobblestone":227},"minecraft:broken":{"minecraft:stone_pickaxe":1},"minecraft:dropped":{"minecraft:bread":33},"minecraft:crafted":{"minecraft:cooked_beef":2,"minecraft:oak_door":3,"minecraft:oak_planks":92,"minecraft:stone_shovel":1,"minecraft:emerald":3,"minecraft:crafting_table":5,"minecraft:wooden_pickaxe":2,"minecraft:cooked_chicken":6,"minecraft:furnace":1,"minecraft:copper_ingot":8,"minecraft:stone_axe":1,"minecraft:bread":68,"minecraft:air":0,"minecraft:stick":48,"minecraft:stone_pickaxe":3,"minecraft:chest":2,"minecraft:torch":8,"minecraft:wheat":198}},"DataVersion":3837}