{"stats":{"minecraft:custom":{"minecraft:time_since_rest":14951,"minecraft:interact_with_furnace":9,"minecraft:sprint_one_cm":10933,"minecraft:damage_taken":40,"minecraft:walk_one_cm":90261,"minecraft:damage_dealt":135,"minecraft:swim_one_cm":1013,"minecraft:interact_with_crafting_table":10,"minecraft:fly_one_cm":6497,"minecraft:open_chest":3,"minecraft:crouch_one_cm":5483,"minecraft:play_time":14951,"minecraft:sneak_time":1821,"minecraft:walk_under_water_one_cm":87,"minecraft:jump":134,"minecraft:leave_game":1,"minecraft:time_since_death":14951,"minecraft:walk_on_water_one_cm":748,"minecraft:total_world_time":14951,"minecraft:fall_one_cm":1380},"minecraft:mined":{"minecraft:crafting_table":1,"minecraft:short_grass":199,"minecraft:grass_block":4,"minecraft:oak_log":12,"minecraft:dirt":11,"minecraft:tall_grass":51,"minecraft:stone":48,"minecraft:oak_planks":1,"minecraft:sugar_cane":6,"minecraft:oak_leaves":9},"minecraft:used":{"minecraft:stone_pickaxe":40,"minecraft:oak_planks":1,"minecraft:chest":1,"minecraft:wooden_pickaxe":8,"minecraft:stone_axe":13,"minecraft:torch":2,"minecraft:dirt":3,"minecraft:crafting_table":2,"minecraft:furnace":1},"minecraft:picked_up":{"minecraft:crafting_table":1,"minecraft:oak_log":12,"minecraft:dirt":15,"minecraft:wheat_seeds":27,"minecraft:oak_sapling":2,"minecraft:sugar_cane":12,"minecraft:oak_planks":1,"minecraft:cobblestone":48},"minecraft:crafted":{"minecraft:oak_planks":32,"minecraft:charcoal":3,"minecraft:crafting_table":1,"minecraft:stick":8,"minecraft:wooden_pickaxe":1,"minecraft:stone_pickaxe":1,"minecraft:chest":1,"minecraft:furnace":1,"minecraft:torch":8,"minecraft:stone_axe":1,"minecraft:air":0}},"DataVersion":3837}