{"stats":{"minecraft:picked_up":{"minecraft:charcoal":54,"minecraft:crafting_table":10,"minecraft:wheat":130,"minecraft:chicken":1,"minecraft:wooden_pickaxe":3,"minecraft:string":9,"minecraft:raw_copper":8,"minecraft:cobbled_deepslate":79,"minecraft:beef":19,"minecraft:melon_slice":4,"minecraft:sugar_cane":94,"minecraft:chest":3,"minecraft:birch_sapling":2,"minecraft:phantom_membrane":1,"minecraft:furnace":4,"minecraft:raw_iron":64,"minecraft:stick":13,"minecraft:stone":5,"minecraft:oak_door":1,"minecraft:torch":31,"minecraft:fire_charge":1,"minecraft:porkchop":17,"minecraft:golden_axe":1,"minecraft:pointed_dripstone":66,"minecraft:diorite":10,"minecraft:redstone":28,"minecraft:stone_sword":2,"minecraft:rotten_flesh":55,"minecraft:arrow":24,"minecraft:stone_shovel":1,"minecraft:hay_block":3,"minecraft:obsidian":14,"minecraft:mutton":10,"minecraft:white_wool":5,"minecraft:cobblestone":577,"minecraft:nautilus_shell":1,"minecraft:birch_log":18,"minecraft:feather":9,"minecraft:cooked_beef":13,"minecraft:andesite":48,"minecraft:leather":22,"minecraft:birch_planks":5,"minecraft:flint":3,"minecraft:tuff":44,"minecraft:oak_log":20,"minecraft:gunpowder":7,"minecraft:cobblestone_stairs":16,"minecraft:dirt":500,"minecraft:lapis_lazuli":55,"minecraft:polished_granite":1,"minecraft:bone":28,"minecraft:apple":7,"minecraft:stonecutter":1,"minecraft:bow":2,"minecraft:wheat_seeds":503,"minecraft:raw_gold":12,"minecraft:iron_ingot":4,"minecraft:stone_pickaxe":4,"minecraft:cooked_chicken":3,"minecraft:oak_planks":28,"minecraft:stone_hoe":2,"minecraft:oak_slab":5,"minecraft:cooked_porkchop":25,"minecraft:dandelion":4,"minecraft:gravel":16,"minecraft:dripstone_block":39,"minecraft:sand":9,"minecraft:ink_sac":15,"minecraft:spider_eye":10,"minecraft:iron_hoe":1,"minecraft:stone_axe":1,"minecraft:diamond":14,"minecraft:granite":234,"minecraft:golden_apple":2,"minecraft:bread":40,"minecraft:coal":80,"minecraft:melon_seeds":8,"minecraft:oak_sapling":12,"minecraft:black_wool":1,"minecraft:ender_pearl":1},"minecraft:broken":{"minecraft:iron_shovel":1,"minecraft:stone_hoe":2,"minecraft:stone_pickaxe":3,"minecraft:stone_axe":1,"minecraft:stone_shovel":1},"minecraft:killed":{"minecraft:spider":9,"minecraft:phantom":2,"minecraft:skeleton":23,"minecraft:chicken":1,"minecraft:drowned":1,"minecraft:pig":8,"minecraft:zombie_villager":1,"minecraft:creeper":5,"minecraft:squid":1,"minecraft:sheep":6,"minecraft:zombie":31,"minecraft:enderman":2,"minecraft:cow":7},"minecraft:custom":{"minecraft:mob_kills":98,"minecraft:interact_with_crafting_table":85,"minecraft:leave_game":4,"minecraft:time_since_death":141117,"minecraft:sprint_one_cm":394075,"minecraft:walk_one_cm":808841,"minecraft:damage_blocked_by_shield":1361,"minecraft:drop":55,"minecraft:play_time":197955,"minecraft:sneak_time":45850,"minecraft:deaths":1,"minecraft:walk_under_water_one_cm":6912,"minecraft:jump":1916,"minecraft:walk_on_water_one_cm":22470,"minecraft:enchant_item":6,"minecraft:total_world_time":197955,"minecraft:interact_with_furnace":126,"minecraft:interact_with_cartography_table":2,"minecraft:interact_with_loom":1,"minecraft:interact_with_stonecutter":4,"minecraft:sleep_in_bed":1,"minecraft:time_since_rest":113389,"minecraft:damage_taken":2361,"minecraft:damage_absorbed":40,"minecraft:damage_dealt":16779,"minecraft:swim_one_cm":22678,"minecraft:fly_one_cm":234822,"minecraft:player_kills":2,"minecraft:open_chest":67,"minecraft:crouch_one_cm":174700,"minecraft:fall_one_cm":32955},"minecraft:used":{"minecraft:enchanting_table":1,"minecraft:stone_sword":3,"minecraft:iron_shovel":262,"minecraft:stone_shovel":194,"minecraft:chest":6,"minecraft:shield":48,"minecraft:iron_sword":95,"minecraft:stone_hoe":261,"minecraft:rotten_flesh":3,"minecraft:torch":166,"minecraft:dirt":370,"minecraft:granite":5,"minecraft:obsidian":10,"minecraft:iron_hoe":71,"minecraft:bookshelf":2,"minecraft:iron_axe":98,"minecraft:barrel":1,"minecraft:melon_seeds":4,"minecraft:birch_trapdoor":2,"minecraft:bow":6,"minecraft:hay_block":5,"minecraft:oak_sapling":12,"minecraft:furnace":8,"minecraft:gold_block":1,"minecraft:wheat_seeds":427,"minecraft:cobblestone_stairs":123,"minecraft:stone_pickaxe":327,"minecraft:cartography_table":1,"minecraft:oak_planks":4,"minecraft:wooden_pickaxe":10,"minecraft:stonecutter":2,"minecraft:sugar_cane":46,"minecraft:golden_apple":1,"minecraft:loom":1,"minecraft:crafting_table":16,"minecraft:white_bed":1,"minecraft:diamond_pickaxe":703,"minecraft:apple":4,"minecraft:melon_slice":2,"minecraft:bread":48,"minecraft:iron_pickaxe":116,"minecraft:polished_granite":25,"minecraft:stone_axe":82,"minecraft:diamond_sword":75,"minecraft:cobblestone":353,"minecraft:dandelion":3,"minecraft:bone_meal":60},"minecraft:crafted":{"minecraft:smooth_stone":3,"minecraft:oak_planks":120,"minecraft:stone_shovel":2,"minecraft:barrel":1,"minecraft:furnace":4,"minecraft:loom":1,"minecraft:stone":5,"minecraft:cobblestone_stairs":40,"minecraft:bone_meal":60,"minecraft:bookshelf":2,"minecraft:iron_boots":1,"minecraft:iron_axe":1,"minecraft:iron_hoe":2,"minecraft:stone_pickaxe":3,"minecraft:chest":2,"minecraft:stone_hoe":1,"minecraft:diamond_sword":1,"minecraft:crafting_table":7,"minecraft:enchanting_table":1,"minecraft:wooden_pickaxe":1,"minecraft:iron_helmet":1,"minecraft:iron_sword":1,"minecraft:polished_granite":44,"minecraft:gold_block":1,"minecraft:birch_planks":52,"minecraft:hay_block":2,"minecraft:stone_axe":1,"minecraft:bread":36,"minecraft:air":0,"minecraft:cartography_table":1,"minecraft:book":7,"minecraft:paper":27,"minecraft:diamond_pickaxe":1,"minecraft:iron_chestplate":1,"minecraft:charcoal":3,"minecraft:shield":1,"minecraft:stick":76,"minecraft:iron_pickaxe":1,"minecraft:iron_ingot":32,"minecraft:birch_trapdoor":2,"minecraft:stone_sword":1,"minecraft:gold_ingot":12,"minecraft:iron_shovel":1,"minecraft:iron_leggings":1,"minecraft:stonecutter":1,"minecraft:white_bed":1,"minecraft:torch":208},"minecraft:mined":{"minecraft:tuff":21,"minecraft:deepslate_diamond_ore":15,"minecraft:oak_door":1,"minecraft:cobblestone_stairs":20,"minecraft:obsidian":14,"minecraft:granite":155,"minecraft:grass_block":274,"minecraft:hay_block":3,"minecraft:furnace":3,"minecraft:iron_ore":34,"minecraft:andesite":27,"minecraft:deepslate_lapis_ore":1,"minecraft:pointed_dripstone":20,"minecraft:deepslate_iron_ore":11,"minecraft:dirt_path":2,"minecraft:stone":529,"minecraft:deepslate_redstone_ore":3,"minecraft:oak_slab":4,"minecraft:polished_granite":1,"minecraft:dandelion":2,"minecraft:crafting_table":9,"minecraft:torch":4,"minecraft:short_grass":413,"minecraft:melon":1,"minecraft:chest":2,"minecraft:cobblestone":76,"minecraft:tall_grass":77,"minecraft:copper_ore":2,"minecraft:lapis_ore":3,"minecraft:deepslate_gold_ore":12,"minecraft:oak_planks":30,"minecraft:sugar_cane":75,"minecraft:diorite":5,"minecraft:wall_torch":3,"minecraft:birch_sapling":1,"minecraft:birch_planks":1,"minecraft:birch_log":18,"minecraft:wheat":168,"minecraft:coal_ore":82,"minecraft:oak_log":19,"minecraft:sand":9,"minecraft:gravel":19,"minecraft:dripstone_block":26,"minecraft:dirt":102,"minecraft:stonecutter":1,"minecraft:oak_leaves":71,"minecraft:deepslate":75},"minecraft:dropped":{"minecraft:bread":18,"minecraft:cooked_beef":9,"minecraft:diamond":3,"minecraft:dripstone_block":7,"minecraft:cooked_porkchop":25,"minecraft:golden_axe":1,"minecraft:granite":47,"minecraft:diorite":1,"minecraft:gravel":2,"minecraft:cobbled_deepslate":64,"minecraft:tuff":8,"minecraft:stone_shovel":1,"minecraft:raw_iron":8,"minecraft:rotten_flesh":6,"minecraft:iron_hoe":1,"minecraft:gunpowder":1,"minecraft:stone_pickaxe":1,"minecraft:wooden_pickaxe":1},"minecraft:killed_by":{"minecraft:skeleton":1}},"DataVersion":3837}