{"stats":{"minecraft:picked_up":{"minecraft:nautilus_shell":1,"minecraft:charcoal":14,"minecraft:crafting_table":1,"minecraft:wheat":1,"minecraft:feather":4,"minecraft:andesite":18,"minecraft:leather":1,"minecraft:wooden_pickaxe":4,"minecraft:tuff":36,"minecraft:oak_log":18,"minecraft:cobbled_deepslate_stairs":17,"minecraft:shield":4,"minecraft:gunpowder":19,"minecraft:lapis_lazuli":34,"minecraft:dirt":86,"minecraft:string":11,"minecraft:paper":4,"minecraft:polished_granite":20,"minecraft:name_tag":2,"minecraft:bone":4,"minecraft:bow":2,"minecraft:wheat_seeds":238,"minecraft:cobbled_deepslate":134,"minecraft:smooth_stone":6,"minecraft:iron_ingot":16,"minecraft:stone_pickaxe":9,"minecraft:birch_sapling":1,"minecraft:sugar_cane":23,"minecraft:chest":1,"minecraft:oak_planks":21,"minecraft:iron_sword":3,"minecraft:phantom_membrane":1,"minecraft:oak_slab":3,"minecraft:stick":30,"minecraft:raw_iron":17,"minecraft:stone":4,"minecraft:oak_door":1,"minecraft:torch":4,"minecraft:dandelion":1,"minecraft:dripstone_block":1,"minecraft:pointed_dripstone":12,"minecraft:ink_sac":5,"minecraft:diorite":2,"minecraft:redstone":42,"minecraft:spider_eye":7,"minecraft:iron_hoe":1,"minecraft:arrow":33,"minecraft:rotten_flesh":14,"minecraft:diamond":12,"minecraft:hay_block":2,"minecraft:granite":69,"minecraft:bone_meal":3,"minecraft:saddle":2,"minecraft:bread":9,"minecraft:oak_sapling":6,"minecraft:coal":2,"minecraft:white_wool":4,"minecraft:cobblestone":117},"minecraft:killed":{"minecraft:zombie":3},"minecraft:used":{"minecraft:stone_sword":2,"minecraft:stone_pickaxe":81,"minecraft:chest":1,"minecraft:wooden_pickaxe":37,"minecraft:iron_sword":31,"minecraft:rotten_flesh":2,"minecraft:torch":29,"minecraft:dirt":13,"minecraft:tuff":18,"minecraft:bread":1,"minecraft:cobblestone":39,"minecraft:andesite":18,"minecraft:cooked_beef":8},"minecraft:custom":{"minecraft:interact_with_furnace":11,"minecraft:mob_kills":3,"minecraft:interact_with_crafting_table":10,"minecraft:open_barrel":1,"minecraft:interact_with_stonecutter":1,"minecraft:leave_game":25,"minecraft:time_since_death":33,"minecraft:sleep_in_bed":1,"minecraft:time_since_rest":78,"minecraft:sprint_one_cm":119300,"minecraft:damage_taken":6592,"minecraft:walk_one_cm":125958,"minecraft:drop":10,"minecraft:damage_dealt":1808,"minecraft:swim_one_cm":29739,"minecraft:fly_one_cm":184116,"minecraft:player_kills":3,"minecraft:open_chest":10,"minecraft:crouch_one_cm":2268,"minecraft:play_time":60568,"minecraft:deaths":19,"minecraft:sneak_time":1279,"minecraft:walk_under_water_one_cm":15624,"minecraft:jump":1113,"minecraft:walk_on_water_one_cm":26059,"minecraft:total_world_time":60568,"minecraft:fall_one_cm":35293},"minecraft:crafted":{"minecraft:cooked_beef":5,"minecraft:oak_planks":52,"minecraft:wooden_pickaxe":4,"minecraft:bread":6,"minecraft:stick":24,"minecraft:iron_ingot":4,"minecraft:stone_pickaxe":5,"minecraft:stone_sword":1,"minecraft:torch":28,"minecraft:wheat":18},"minecraft:mined":{"minecraft:crafting_table":1,"minecraft:torch":1,"minecraft:short_grass":18,"minecraft:grass_block":21,"minecraft:oak_planks":2,"minecraft:sugar_cane":4,"minecraft:wall_torch":1,"minecraft:hay_block":2,"minecraft:tall_seagrass":1,"minecraft:oak_log":19,"minecraft:deepslate_iron_ore":7,"minecraft:dirt":10,"minecraft:stone":100,"minecraft:oak_leaves":23,"minecraft:deepslate":10},"minecraft:dropped":{"minecraft:tuff":3,"minecraft:cobblestone":1,"minecraft:ink_sac":5,"minecraft:smooth_stone":3},"minecraft:killed_by":{"minecraft:player":8,"minecraft:creeper":3,"minecraft:zombie":6}},"DataVersion":3837}