{"stats":{"minecraft:custom":{"minecraft:time_since_rest":1959,"minecraft:deaths":1,"minecraft:play_time":8192,"minecraft:sprint_one_cm":19673,"minecraft:damage_taken":330,"minecraft:walk_one_cm":10712,"minecraft:walk_under_water_one_cm":148,"minecraft:jump":149,"minecraft:leave_game":5,"minecraft:walk_on_water_one_cm":1533,"minecraft:time_since_death":1573,"minecraft:total_world_time":8192,"minecraft:swim_one_cm":530,"minecraft:interact_with_crafting_table":7,"minecraft:fall_one_cm":5414,"minecraft:fly_one_cm":28656},"minecraft:killed_by":{"minecraft:zombie":1},"minecraft:used":{"minecraft:wooden_pickaxe":4},"minecraft:mined":{"minecraft:grass_block":2,"minecraft:oak_log":6,"minecraft:stone":4,"minecraft:birch_leaves":1,"minecraft:oak_leaves":3},"minecraft:picked_up":{"minecraft:oak_log":6,"minecraft:oak_sapling":2,"minecraft:dirt":2,"minecraft:cobblestone":4},"minecraft:crafted":{"minecraft:oak_planks":24,"minecraft:stick":8,"minecraft:wooden_pickaxe":1,"minecraft:stone_pickaxe":1}},"DataVersion":3837}