{"stats":{"minecraft:picked_up":{"minecraft:wheat":29,"minecraft:lilac":2,"minecraft:andesite":1,"minecraft:salmon":7,"minecraft:wooden_pickaxe":1,"minecraft:flint":3,"minecraft:tuff":8,"minecraft:oak_log":23,"minecraft:cobbled_deepslate_stairs":20,"minecraft:shield":2,"minecraft:gunpowder":17,"minecraft:iron_axe":1,"minecraft:lapis_lazuli":19,"minecraft:string":45,"minecraft:dirt":49,"minecraft:raw_copper":14,"minecraft:name_tag":2,"minecraft:bone":4,"minecraft:apple":1,"minecraft:bow":2,"minecraft:stonecutter":1,"minecraft:wheat_seeds":107,"minecraft:cobbled_deepslate":164,"minecraft:stone_pickaxe":4,"minecraft:melon_slice":12,"minecraft:sugar_cane":42,"minecraft:iron_sword":1,"minecraft:oak_planks":7,"minecraft:furnace":1,"minecraft:stick":9,"minecraft:raw_iron":23,"minecraft:stone":10,"minecraft:music_disc_13":2,"minecraft:deepslate_brick_wall":3,"minecraft:torch":4,"minecraft:porkchop":3,"minecraft:dripstone_block":1,"minecraft:gravel":1,"minecraft:pointed_dripstone":1,"minecraft:arrow":18,"minecraft:rotten_flesh":7,"minecraft:diamond":6,"minecraft:stone_axe":1,"minecraft:deepslate_bricks":19,"minecraft:hay_block":1,"minecraft:granite":24,"minecraft:bone_meal":1,"minecraft:gold_ingot":3,"minecraft:bread":24,"minecraft:oak_sapling":3,"minecraft:coal":1,"minecraft:cobblestone":278,"minecraft:diamond_pickaxe":2},"minecraft:broken":{"minecraft:iron_pickaxe":1},"minecraft:killed":{"minecraft:pig":1,"minecraft:salmon":7,"minecraft:spider":2,"minecraft:creeper":1,"minecraft:skeleton":5,"minecraft:zombie":3},"minecraft:crafted":{"minecraft:oak_planks":92,"minecraft:cooked_porkchop":5,"minecraft:crafting_table":1,"minecraft:wooden_pickaxe":2,"minecraft:furnace":1,"minecraft:cooked_salmon":7,"minecraft:stone":5,"minecraft:stone_axe":1,"minecraft:bread":9,"minecraft:air":0,"minecraft:charcoal":38,"minecraft:shield":3,"minecraft:iron_axe":1,"minecraft:stick":24,"minecraft:iron_ingot":20,"minecraft:iron_pickaxe":2,"minecraft:stone_pickaxe":4,"minecraft:iron_shovel":1,"minecraft:cobbled_deepslate_stairs":3,"minecraft:stone_hoe":1},"minecraft:custom":{"minecraft:interact_with_furnace":49,"minecraft:mob_kills":20,"minecraft:interact_with_crafting_table":36,"minecraft:interact_with_stonecutter":6,"minecraft:leave_game":19,"minecraft:time_since_death":5627,"minecraft:sleep_in_bed":2,"minecraft:climb_one_cm":1573,"minecraft:time_since_rest":5663,"minecraft:sprint_one_cm":314792,"minecraft:damage_taken":2558,"minecraft:walk_one_cm":254219,"minecraft:damage_blocked_by_shield":1077,"minecraft:drop":39,"minecraft:damage_dealt":4081,"minecraft:swim_one_cm":70237,"minecraft:fly_one_cm":553400,"minecraft:player_kills":10,"minecraft:open_chest":12,"minecraft:crouch_one_cm":43662,"minecraft:play_time":147230,"minecraft:deaths":5,"minecraft:sneak_time":11280,"minecraft:walk_under_water_one_cm":27915,"minecraft:jump":2587,"minecraft:walk_on_water_one_cm":27028,"minecraft:total_world_time":147230,"minecraft:fall_one_cm":71558},"minecraft:used":{"minecraft:deepslate_brick_wall":14,"minecraft:wheat_seeds":33,"minecraft:iron_shovel":18,"minecraft:stone_pickaxe":53,"minecraft:oak_planks":10,"minecraft:wooden_pickaxe":13,"minecraft:shield":19,"minecraft:stonecutter":1,"minecraft:sugar_cane":4,"minecraft:stone_hoe":8,"minecraft:cooked_salmon":7,"minecraft:deepslate_bricks":63,"minecraft:rotten_flesh":1,"minecraft:dirt":20,"minecraft:crafting_table":1,"minecraft:cobbled_deepslate_stairs":6,"minecraft:apple":1,"minecraft:melon_slice":5,"minecraft:iron_axe":63,"minecraft:bread":14,"minecraft:iron_pickaxe":272,"minecraft:stone_axe":8,"minecraft:bow":3,"minecraft:cobblestone":61,"minecraft:hay_block":1,"minecraft:furnace":1,"minecraft:cooked_porkchop":5,"minecraft:cobbled_deepslate":190},"minecraft:mined":{"minecraft:attached_melon_stem":1,"minecraft:cobbled_deepslate_stairs":3,"minecraft:deepslate_brick_wall":3,"minecraft:jungle_leaves":4,"minecraft:granite":19,"minecraft:short_grass":62,"minecraft:grass_block":7,"minecraft:melon":1,"minecraft:deepslate_bricks":10,"minecraft:tall_grass":11,"minecraft:cobblestone":3,"minecraft:sugar_cane":6,"minecraft:oak_planks":6,"minecraft:hay_block":1,"minecraft:seagrass":6,"minecraft:tall_seagrass":9,"minecraft:furnace":1,"minecraft:cobbled_deepslate":27,"minecraft:iron_ore":23,"minecraft:wheat":32,"minecraft:lilac":5,"minecraft:birch_leaves":1,"minecraft:coal_ore":1,"minecraft:pointed_dripstone":2,"minecraft:oak_log":23,"minecraft:gravel":3,"minecraft:dirt":32,"minecraft:stonecutter":1,"minecraft:stone":218,"minecraft:oak_leaves":31,"minecraft:deepslate":1,"minecraft:fern":2},"minecraft:dropped":{"minecraft:stone_hoe":1,"minecraft:stone_axe":1,"minecraft:sugar_cane":5,"minecraft:cobbled_deepslate":57,"minecraft:music_disc_13":1,"minecraft:dirt":7,"minecraft:stone":5,"minecraft:shield":1,"minecraft:stone_pickaxe":1,"minecraft:string":20},"minecraft:killed_by":{"minecraft:player":1,"minecraft:skeleton":1,"minecraft:zombie":1}},"DataVersion":3837}