{"stats":{"minecraft:picked_up":{"minecraft:wooden_axe":1,"minecraft:crafting_table":1,"minecraft:charcoal":17,"minecraft:cooked_beef":175,"minecraft:chicken":2,"minecraft:glow_ink_sac":4,"minecraft:chest_minecart":2,"minecraft:andesite":26,"minecraft:brown_mushroom":8,"minecraft:wooden_pickaxe":1,"minecraft:birch_planks":10,"minecraft:tuff":1,"minecraft:oak_log":3,"minecraft:lapis_lazuli":16,"minecraft:string":41,"minecraft:dirt":18,"minecraft:raw_copper":95,"minecraft:name_tag":1,"minecraft:bone":41,"minecraft:apple":1,"minecraft:activator_rail":2,"minecraft:wheat_seeds":4,"minecraft:cobbled_deepslate":51,"minecraft:raw_gold":33,"minecraft:bucket":1,"minecraft:iron_ingot":15,"minecraft:stone_pickaxe":3,"minecraft:sugar_cane":4,"minecraft:birch_sapling":1,"minecraft:oak_planks":20,"minecraft:furnace":2,"minecraft:egg":1,"minecraft:raw_iron":16,"minecraft:stick":3,"minecraft:oak_fence":4,"minecraft:torch":21,"minecraft:gravel":24,"minecraft:porkchop":5,"minecraft:ink_sac":5,"minecraft:diorite":19,"minecraft:redstone":37,"minecraft:spider_eye":4,"minecraft:arrow":12,"minecraft:stone_sword":2,"minecraft:stone_shovel":1,"minecraft:rotten_flesh":26,"minecraft:diamond":12,"minecraft:beetroot_seeds":2,"minecraft:granite":6,"minecraft:bread":3,"minecraft:melon_seeds":4,"minecraft:oak_sapling":3,"minecraft:glow_berries":3,"minecraft:black_wool":1,"minecraft:coal":70,"minecraft:rail":72,"minecraft:cobblestone":152,"minecraft:diamond_pickaxe":2},"minecraft:broken":{"minecraft:stone_pickaxe":1},"minecraft:killed":{"minecraft:cave_spider":4,"minecraft:pig":1,"minecraft:spider":3,"minecraft:bat":1,"minecraft:creeper":1,"minecraft:skeleton":4,"minecraft:zombie":11},"minecraft:used":{"minecraft:water_bucket":1,"minecraft:stone_sword":97,"minecraft:stone_shovel":8,"minecraft:stone_pickaxe":192,"minecraft:chest":2,"minecraft:wooden_pickaxe":9,"minecraft:iron_sword":23,"minecraft:iron_chestplate":1,"minecraft:oak_door":1,"minecraft:torch":23,"minecraft:dirt":23,"minecraft:oak_slab":1,"minecraft:granite":3,"minecraft:glass":18,"minecraft:diamond_pickaxe":77,"minecraft:apple":1,"minecraft:birch_sapling":4,"minecraft:gravel":16,"minecraft:stone_axe":7,"minecraft:cobblestone":48,"minecraft:furnace":2,"minecraft:andesite":26,"minecraft:egg":1,"minecraft:cooked_beef":26},"minecraft:custom":{"minecraft:interact_with_furnace":8,"minecraft:mob_kills":26,"minecraft:interact_with_crafting_table":16,"minecraft:leave_game":7,"minecraft:time_since_death":48480,"minecraft:time_since_rest":48530,"minecraft:sprint_one_cm":282607,"minecraft:damage_taken":3343,"minecraft:walk_one_cm":290968,"minecraft:drop":50,"minecraft:damage_dealt":4587,"minecraft:swim_one_cm":1513,"minecraft:fly_one_cm":433538,"minecraft:open_chest":15,"minecraft:crouch_one_cm":11402,"minecraft:play_time":242362,"minecraft:deaths":5,"minecraft:sneak_time":5651,"minecraft:walk_under_water_one_cm":3694,"minecraft:jump":1740,"minecraft:walk_on_water_one_cm":16947,"minecraft:total_world_time":242362,"minecraft:fall_one_cm":34119},"minecraft:crafted":{"minecraft:oak_door":3,"minecraft:oak_planks":12,"minecraft:stone_shovel":1,"minecraft:iron_sword":1,"minecraft:furnace":1,"minecraft:stone_axe":1,"minecraft:air":0,"minecraft:diamond_helmet":1,"minecraft:diamond_leggings":1,"minecraft:iron_chestplate":1,"minecraft:stick":12,"minecraft:iron_ingot":10,"minecraft:stone_pickaxe":1,"minecraft:chest":1,"minecraft:torch":8},"minecraft:mined":{"minecraft:deepslate_redstone_ore":8,"minecraft:tuff":1,"minecraft:deepslate_diamond_ore":12,"minecraft:crafting_table":1,"minecraft:torch":2,"minecraft:glow_lichen":2,"minecraft:granite":2,"minecraft:short_grass":28,"minecraft:tall_grass":4,"minecraft:copper_ore":4,"minecraft:deepslate_gold_ore":31,"minecraft:oak_planks":9,"minecraft:sugar_cane":2,"minecraft:diorite":6,"minecraft:wall_torch":8,"minecraft:furnace":1,"minecraft:iron_ore":1,"minecraft:andesite":28,"minecraft:deepslate_iron_ore":11,"minecraft:rail":39,"minecraft:gravel":8,"minecraft:dirt":2,"minecraft:cobweb":35,"minecraft:stone":64,"minecraft:oak_leaves":36,"minecraft:deepslate":45},"minecraft:dropped":{"minecraft:bread":3,"minecraft:brown_mushroom":8,"minecraft:porkchop":3,"minecraft:lapis_lazuli":16,"minecraft:cooked_beef":10,"minecraft:stone_sword":1,"minecraft:glow_berries":3,"minecraft:rotten_flesh":3,"minecraft:stick":3,"minecraft:dirt":3,"minecraft:diamond_pickaxe":1,"minecraft:oak_sapling":2,"minecraft:spider_eye":2,"minecraft:stone_pickaxe":1},"minecraft:killed_by":{"minecraft:skeleton":2,"minecraft:spider":1,"minecraft:zombie":2}},"DataVersion":3837}