{"stats":{"minecraft:custom":{"minecraft:time_since_rest":54833,"minecraft:crouch_one_cm":3,"minecraft:play_time":54833,"minecraft:sprint_one_cm":11584,"minecraft:damage_taken":170,"minecraft:walk_one_cm":10845,"minecraft:sneak_time":438,"minecraft:mob_kills":2,"minecraft:jump":123,"minecraft:damage_dealt":119,"minecraft:leave_game":2,"minecraft:walk_on_water_one_cm":1181,"minecraft:time_since_death":54833,"minecraft:total_world_time":54833,"minecraft:fall_one_cm":5233,"minecraft:fly_one_cm":59442},"minecraft:used":{"minecraft:apple":1,"minecraft:egg":1},"minecraft:mined":{"minecraft:short_grass":4,"minecraft:tall_grass":1,"minecraft:oak_leaves":36},"minecraft:killed":{"minecraft:zombie":1,"minecraft:pig":1},"minecraft:picked_up":{"minecraft:stick":3,"minecraft:rotten_flesh":3,"minecraft:apple":1,"minecraft:porkchop":3,"minecraft:oak_sapling":1,"minecraft:egg":1}},"DataVersion":3837}