{"stats":{"minecraft:picked_up":{"minecraft:dirt":1},"minecraft:mined":{"minecraft:grass_block":1,"minecraft:birch_leaves":1,"minecraft:oak_leaves":2},"minecraft:custom":{"minecraft:jump":162,"minecraft:time_since_rest":54271,"minecraft:damage_dealt":20,"minecraft:play_time":54271,"minecraft:leave_game":6,"minecraft:sprint_one_cm":11314,"minecraft:damage_taken":185,"minecraft:time_since_death":54271,"minecraft:walk_one_cm":10520,"minecraft:sneak_time":128,"minecraft:total_world_time":54271,"minecraft:fall_one_cm":1147,"minecraft:fly_one_cm":84011}},"DataVersion":3837}